<ImportExportXml version="8.1.0000.0359" SolutionPackageVersion="8.1" languagecode="1033" generatedBy="OnPremise" xmlns:xsi="http://www.w3.org/2001/XMLSchema-instance">
  <SolutionManifest>
    <UniqueName>tuneMultiSelect</UniqueName>
    <LocalizedNames>
      <LocalizedName description="tuneMultiSelect" languagecode="1033" />
    </LocalizedNames>
    <Descriptions>
      <Description description="Please read the installation and configuration guide here: https://github.com/khorozhansky/tuneMultiSelect" languagecode="1033" />
    </Descriptions>
    <Version>2.0.1.0</Version>
    <Managed>0</Managed>
    <Publisher>
      <UniqueName>tunexrm</UniqueName>
      <LocalizedNames>
        <LocalizedName description="tuneXRM" languagecode="1033" />
      </LocalizedNames>
      <Descriptions>
        <Description description="Pavel Khorozhanksy&#xA;https://github.com/khorozhansky&#xA;Contact email: tunexrm@gmail.com" languagecode="1033" />
      </Descriptions>
      <EMailAddress>tunexrm@gmail.com</EMailAddress>
      <SupportingWebsiteUrl>https://github.com/khorozhansky</SupportingWebsiteUrl>
      <CustomizationPrefix>tunexrm</CustomizationPrefix>
      <CustomizationOptionValuePrefix>68659</CustomizationOptionValuePrefix>
      <Addresses>
        <Address>
          <AddressNumber>1</AddressNumber>
          <AddressTypeCode>1</AddressTypeCode>
          <City xsi:nil="true"></City>
          <County xsi:nil="true"></County>
          <Country xsi:nil="true"></Country>
          <Fax xsi:nil="true"></Fax>
          <FreightTermsCode xsi:nil="true"></FreightTermsCode>
          <ImportSequenceNumber xsi:nil="true"></ImportSequenceNumber>
          <Latitude xsi:nil="true"></Latitude>
          <Line1 xsi:nil="true"></Line1>
          <Line2 xsi:nil="true"></Line2>
          <Line3 xsi:nil="true"></Line3>
          <Longitude xsi:nil="true"></Longitude>
          <Name xsi:nil="true"></Name>
          <PostalCode xsi:nil="true"></PostalCode>
          <PostOfficeBox xsi:nil="true"></PostOfficeBox>
          <PrimaryContactName xsi:nil="true"></PrimaryContactName>
          <ShippingMethodCode>1</ShippingMethodCode>
          <StateOrProvince xsi:nil="true"></StateOrProvince>
          <Telephone1 xsi:nil="true"></Telephone1>
          <Telephone2 xsi:nil="true"></Telephone2>
          <Telephone3 xsi:nil="true"></Telephone3>
          <TimeZoneRuleVersionNumber xsi:nil="true"></TimeZoneRuleVersionNumber>
          <UPSZone xsi:nil="true"></UPSZone>
          <UTCOffset xsi:nil="true"></UTCOffset>
          <UTCConversionTimeZoneCode xsi:nil="true"></UTCConversionTimeZoneCode>
        </Address>
        <Address>
          <AddressNumber>2</AddressNumber>
          <AddressTypeCode>1</AddressTypeCode>
          <City xsi:nil="true"></City>
          <County xsi:nil="true"></County>
          <Country xsi:nil="true"></Country>
          <Fax xsi:nil="true"></Fax>
          <FreightTermsCode xsi:nil="true"></FreightTermsCode>
          <ImportSequenceNumber xsi:nil="true"></ImportSequenceNumber>
          <Latitude xsi:nil="true"></Latitude>
          <Line1 xsi:nil="true"></Line1>
          <Line2 xsi:nil="true"></Line2>
          <Line3 xsi:nil="true"></Line3>
          <Longitude xsi:nil="true"></Longitude>
          <Name xsi:nil="true"></Name>
          <PostalCode xsi:nil="true"></PostalCode>
          <PostOfficeBox xsi:nil="true"></PostOfficeBox>
          <PrimaryContactName xsi:nil="true"></PrimaryContactName>
          <ShippingMethodCode>1</ShippingMethodCode>
          <StateOrProvince xsi:nil="true"></StateOrProvince>
          <Telephone1 xsi:nil="true"></Telephone1>
          <Telephone2 xsi:nil="true"></Telephone2>
          <Telephone3 xsi:nil="true"></Telephone3>
          <TimeZoneRuleVersionNumber xsi:nil="true"></TimeZoneRuleVersionNumber>
          <UPSZone xsi:nil="true"></UPSZone>
          <UTCOffset xsi:nil="true"></UTCOffset>
          <UTCConversionTimeZoneCode xsi:nil="true"></UTCConversionTimeZoneCode>
        </Address>
      </Addresses>
    </Publisher>
    <RootComponents>
      <RootComponent type="1" schemaName="tunexrm_tunemultiselectitemsetconfiguration" behavior="0" />
      <RootComponent type="29" id="{0d72a623-c446-4e82-8cb0-8b9a138d262a}" behavior="0" />
      <RootComponent type="29" id="{ca57b3a9-b994-4315-8ecd-8c71d41ba047}" behavior="0" />
      <RootComponent type="29" id="{ddb67f9c-7dcf-4b11-89e5-558475fdd361}" behavior="0" />
      <RootComponent type="60" id="{45281719-08ee-40e5-adad-0f264d571548}" behavior="0" />
      <RootComponent type="61" schemaName="tunexrm_/html/templates/checkboxes_four_columns.css" behavior="0" />
      <RootComponent type="61" schemaName="tunexrm_/html/templates/checkboxes_four_columns.html" behavior="0" />
      <RootComponent type="61" schemaName="tunexrm_/html/templates/checkboxes_one_column.css" behavior="0" />
      <RootComponent type="61" schemaName="tunexrm_/html/templates/checkboxes_one_column.html" behavior="0" />
      <RootComponent type="61" schemaName="tunexrm_/html/templates/checkboxes_three_columns.css" behavior="0" />
      <RootComponent type="61" schemaName="tunexrm_/html/templates/checkboxes_three_columns.html" behavior="0" />
      <RootComponent type="61" schemaName="tunexrm_/html/templates/checkboxes_two_columns.css" behavior="0" />
      <RootComponent type="61" schemaName="tunexrm_/html/templates/checkboxes_two_columns.html" behavior="0" />
      <RootComponent type="61" schemaName="tunexrm_/image/progress.gif" behavior="0" />
      <RootComponent type="61" schemaName="tunexrm_/image/required_field_spot.gif" behavior="0" />
      <RootComponent type="61" schemaName="tunexrm_/js/AdvFindUtils.js" behavior="0" />
      <RootComponent type="61" schemaName="tunexrm_/js/CrmWebApiFacade.js" behavior="0" />
      <RootComponent type="61" schemaName="tunexrm_/js/entities/ItemSetConfiguration/ItemSetConfigurationMain.js" behavior="0" />
      <RootComponent type="61" schemaName="tunexrm_/js/FormSaveModes.js" behavior="0" />
      <RootComponent type="61" schemaName="tunexrm_/js/FormTypes.js" behavior="0" />
      <RootComponent type="61" schemaName="tunexrm_/js/FormUtils.js" behavior="0" />
      <RootComponent type="61" schemaName="tunexrm_/js/libraries/jquery.js" behavior="0" />
      <RootComponent type="61" schemaName="tunexrm_/js/libraries/knockout.js" behavior="0" />
      <RootComponent type="61" schemaName="tunexrm_/js/TuneMultiSelect.js" behavior="0" />
      <RootComponent type="61" schemaName="tunexrm_/js/XmlUtils.js" behavior="0" />
      <RootComponent type="91" schemaName="tuneMultiSelect, Version=2.0.1.0, Culture=neutral, PublicKeyToken=5f8983c63d78e0c1" behavior="0" />
      <RootComponent type="92" id="{2c0844ac-f7bc-e511-80d8-08002703f176}" behavior="0" />
      <RootComponent type="92" id="{2f87d197-f5bc-e511-80d8-08002703f176}" behavior="0" />
      <RootComponent type="92" id="{88ccccb3-38b7-e611-8126-08002703f176}" behavior="0" />
      <RootComponent type="92" id="{8e2bff98-38b7-e611-8126-08002703f176}" behavior="0" />
      <RootComponent type="92" id="{ce9cf739-68b6-e611-8124-08002703f176}" behavior="0" />
    </RootComponents>
    <MissingDependencies />
  </SolutionManifest>
</ImportExportXml>