<ImportExportXml version="8.1.0001.1005" SolutionPackageVersion="8.1" languagecode="1033" generatedBy="OnPremise" xmlns:xsi="http://www.w3.org/2001/XMLSchema-instance">
  <SolutionManifest>
    <UniqueName>DemoForAdvancedMultiSelect</UniqueName>
    <LocalizedNames>
      <LocalizedName description="Demo for AdvancedMultiSelect" languagecode="1033" />
    </LocalizedNames>
    <Descriptions>
      <Description description="Please read the installation and configuration guide here: https://github.com/khorozhansky/Advanced-MultiSelect-for-Dynamics" languagecode="1033" />
    </Descriptions>
    <Version>2.2.1.1</Version>
    <Managed>1</Managed>
    <ConfigurationPage>pavelkh_/html/InstallDemoData/InstallDemoData.html</ConfigurationPage>
    <Publisher>
      <UniqueName>PavelKhorozhansky</UniqueName>
      <LocalizedNames>
        <LocalizedName description="Pavel Khorozhansky" languagecode="1033" />
      </LocalizedNames>
      <Descriptions>
        <Description description="Pavel Khorozhanksy&#xA;https://github.com/khorozhansky&#xA;Contact email: khorozhansky@gmail.com" languagecode="1033" />
      </Descriptions>
      <EMailAddress>khorozhansky@gmail.com</EMailAddress>
      <SupportingWebsiteUrl>https://github.com/khorozhansky</SupportingWebsiteUrl>
      <CustomizationPrefix>pavelkh</CustomizationPrefix>
      <CustomizationOptionValuePrefix>68659</CustomizationOptionValuePrefix>
      <Addresses>
        <Address>
          <AddressNumber>1</AddressNumber>
          <AddressTypeCode>1</AddressTypeCode>
          <City xsi:nil="true"></City>
          <County xsi:nil="true"></County>
          <Country xsi:nil="true"></Country>
          <Fax xsi:nil="true"></Fax>
          <FreightTermsCode xsi:nil="true"></FreightTermsCode>
          <ImportSequenceNumber xsi:nil="true"></ImportSequenceNumber>
          <Latitude xsi:nil="true"></Latitude>
          <Line1 xsi:nil="true"></Line1>
          <Line2 xsi:nil="true"></Line2>
          <Line3 xsi:nil="true"></Line3>
          <Longitude xsi:nil="true"></Longitude>
          <Name xsi:nil="true"></Name>
          <PostalCode xsi:nil="true"></PostalCode>
          <PostOfficeBox xsi:nil="true"></PostOfficeBox>
          <PrimaryContactName xsi:nil="true"></PrimaryContactName>
          <ShippingMethodCode>1</ShippingMethodCode>
          <StateOrProvince xsi:nil="true"></StateOrProvince>
          <Telephone1 xsi:nil="true"></Telephone1>
          <Telephone2 xsi:nil="true"></Telephone2>
          <Telephone3 xsi:nil="true"></Telephone3>
          <TimeZoneRuleVersionNumber xsi:nil="true"></TimeZoneRuleVersionNumber>
          <UPSZone xsi:nil="true"></UPSZone>
          <UTCOffset xsi:nil="true"></UTCOffset>
          <UTCConversionTimeZoneCode xsi:nil="true"></UTCConversionTimeZoneCode>
        </Address>
        <Address>
          <AddressNumber>2</AddressNumber>
          <AddressTypeCode>1</AddressTypeCode>
          <City xsi:nil="true"></City>
          <County xsi:nil="true"></County>
          <Country xsi:nil="true"></Country>
          <Fax xsi:nil="true"></Fax>
          <FreightTermsCode xsi:nil="true"></FreightTermsCode>
          <ImportSequenceNumber xsi:nil="true"></ImportSequenceNumber>
          <Latitude xsi:nil="true"></Latitude>
          <Line1 xsi:nil="true"></Line1>
          <Line2 xsi:nil="true"></Line2>
          <Line3 xsi:nil="true"></Line3>
          <Longitude xsi:nil="true"></Longitude>
          <Name xsi:nil="true"></Name>
          <PostalCode xsi:nil="true"></PostalCode>
          <PostOfficeBox xsi:nil="true"></PostOfficeBox>
          <PrimaryContactName xsi:nil="true"></PrimaryContactName>
          <ShippingMethodCode>1</ShippingMethodCode>
          <StateOrProvince xsi:nil="true"></StateOrProvince>
          <Telephone1 xsi:nil="true"></Telephone1>
          <Telephone2 xsi:nil="true"></Telephone2>
          <Telephone3 xsi:nil="true"></Telephone3>
          <TimeZoneRuleVersionNumber xsi:nil="true"></TimeZoneRuleVersionNumber>
          <UPSZone xsi:nil="true"></UPSZone>
          <UTCOffset xsi:nil="true"></UTCOffset>
          <UTCConversionTimeZoneCode xsi:nil="true"></UTCConversionTimeZoneCode>
        </Address>
      </Addresses>
    </Publisher>
    <RootComponents>
      <RootComponent type="1" schemaName="account" behavior="2" />
      <RootComponent type="1" schemaName="contact" behavior="2" />
      <RootComponent type="1" schemaName="pavelkh_interest" behavior="0" />
      <RootComponent type="9" schemaName="pavelkh_interesttype" behavior="0" />
      <RootComponent type="29" id="{2fcdc2c1-376e-4691-9413-d48a6facda8c}" behavior="0" />
      <RootComponent type="60" id="{06acc9e5-8d42-4f76-8395-d699cdae6bb1}" behavior="0" />
      <RootComponent type="60" id="{9c694487-cbf5-4dd3-b825-0de8024be856}" behavior="0" />
      <RootComponent type="60" id="{c517d500-8d57-4583-bd83-e580899a9a83}" behavior="0" />
      <RootComponent type="61" schemaName="pavelkh_/html/InstallDemoData/InstallDemoData.html" behavior="0" />
      <RootComponent type="61" schemaName="pavelkh_/js/InstallDemoData/InstallDemoData.js" behavior="0" />
      <RootComponent type="61" schemaName="pavelkh_BaseDemoItemSetConfiguration" behavior="0" />
      <RootComponent type="91" schemaName="DemoForAdvancedMultiSelectPlugin, Version=2.2.1.0, Culture=neutral, PublicKeyToken=5f8983c63d78e0c1" behavior="0" />
      <RootComponent type="92" id="{b6ce9f8b-41d8-e711-81a4-08002703f176}" behavior="0" />
    </RootComponents>
    <MissingDependencies>
      <MissingDependency>
        <Required key="0" type="61" schemaName="pavelkh_/html/templates/checkboxes_one_column_with_description.html" displayName="pavelkh_/html/templates/checkboxes_one_column_with_description.html" solution="Active" />
        <Dependent key="1" type="60" displayName="AdvancedMultiSelect DEMO Form" parentDisplayName="Account" id="{06acc9e5-8d42-4f76-8395-d699cdae6bb1}" />
      </MissingDependency>
      <MissingDependency>
        <Required key="2" type="61" schemaName="pavelkh_/html/templates/checkboxes_three_columns.html" displayName="pavelkh_/html/templates/checkboxes_three_columns.html" solution="Active" />
        <Dependent key="1" type="60" displayName="AdvancedMultiSelect DEMO Form" parentDisplayName="Account" id="{06acc9e5-8d42-4f76-8395-d699cdae6bb1}" />
      </MissingDependency>
      <MissingDependency>
        <Required key="3" type="61" schemaName="pavelkh_/html/templates/checkboxes_one_column.html" displayName="pavelkh_/html/templates/checkboxes_one_column.html" solution="Active" />
        <Dependent key="1" type="60" displayName="AdvancedMultiSelect DEMO Form" parentDisplayName="Account" id="{06acc9e5-8d42-4f76-8395-d699cdae6bb1}" />
      </MissingDependency>
      <MissingDependency>
        <Required key="4" type="61" schemaName="pavelkh_/html/templates/checkboxes_four_columns.html" displayName="pavelkh_/html/templates/checkboxes_four_columns.html" solution="Active" />
        <Dependent key="5" type="60" displayName="AdvancedMultiSelect DEMO Form" parentDisplayName="Contact" id="{9c694487-cbf5-4dd3-b825-0de8024be856}" />
      </MissingDependency>
      <MissingDependency>
        <Required key="6" type="61" schemaName="pavelkh_/html/templates/checkboxes_two_columns.html" displayName="pavelkh_/html/templates/checkboxes_two_columns.html" solution="Active" />
        <Dependent key="5" type="60" displayName="AdvancedMultiSelect DEMO Form" parentDisplayName="Contact" id="{9c694487-cbf5-4dd3-b825-0de8024be856}" />
      </MissingDependency>
    </MissingDependencies>
  </SolutionManifest>
</ImportExportXml>