﻿<?xml version="1.0" encoding="utf-8"?>
<ImportExportXml version="8.1.0001.1005" SolutionPackageVersion="8.1" languagecode="1033" generatedBy="OnPremise" xmlns:xsi="http://www.w3.org/2001/XMLSchema-instance">
  <SolutionManifest>
    <UniqueName>AdvancedMultiSelectForDynamics</UniqueName>
    <LocalizedNames>
      <LocalizedName description="Advanced MultiSelect for Dynamics" languagecode="1033" />
    </LocalizedNames>
    <Descriptions>
      <Description description="Please read the installation and configuration guide here: https://github.com/khorozhansky/Advanced-MultiSelect-for-Dynamics" languagecode="1033" />
    </Descriptions>
    <Version>2.2.1.2</Version>
    <Managed>1</Managed>
    <Publisher>
      <UniqueName>PavelKhorozhansky</UniqueName>
      <LocalizedNames>
        <LocalizedName description="Pavel Khorozhansky" languagecode="1033" />
      </LocalizedNames>
      <Descriptions>
        <Description description="Pavel Khorozhanksy&#xA;https://github.com/khorozhansky&#xA;Contact email: khorozhansky@gmail.com" languagecode="1033" />
      </Descriptions>
      <EMailAddress>khorozhansky@gmail.com</EMailAddress>
      <SupportingWebsiteUrl>https://github.com/khorozhansky</SupportingWebsiteUrl>
      <CustomizationPrefix>pavelkh</CustomizationPrefix>
      <CustomizationOptionValuePrefix>68659</CustomizationOptionValuePrefix>
      <Addresses>
        <Address>
          <AddressNumber>1</AddressNumber>
          <AddressTypeCode>1</AddressTypeCode>
          <City xsi:nil="true"></City>
          <County xsi:nil="true"></County>
          <Country xsi:nil="true"></Country>
          <Fax xsi:nil="true"></Fax>
          <FreightTermsCode xsi:nil="true"></FreightTermsCode>
          <ImportSequenceNumber xsi:nil="true"></ImportSequenceNumber>
          <Latitude xsi:nil="true"></Latitude>
          <Line1 xsi:nil="true"></Line1>
          <Line2 xsi:nil="true"></Line2>
          <Line3 xsi:nil="true"></Line3>
          <Longitude xsi:nil="true"></Longitude>
          <Name xsi:nil="true"></Name>
          <PostalCode xsi:nil="true"></PostalCode>
          <PostOfficeBox xsi:nil="true"></PostOfficeBox>
          <PrimaryContactName xsi:nil="true"></PrimaryContactName>
          <ShippingMethodCode>1</ShippingMethodCode>
          <StateOrProvince xsi:nil="true"></StateOrProvince>
          <Telephone1 xsi:nil="true"></Telephone1>
          <Telephone2 xsi:nil="true"></Telephone2>
          <Telephone3 xsi:nil="true"></Telephone3>
          <TimeZoneRuleVersionNumber xsi:nil="true"></TimeZoneRuleVersionNumber>
          <UPSZone xsi:nil="true"></UPSZone>
          <UTCOffset xsi:nil="true"></UTCOffset>
          <UTCConversionTimeZoneCode xsi:nil="true"></UTCConversionTimeZoneCode>
        </Address>
        <Address>
          <AddressNumber>2</AddressNumber>
          <AddressTypeCode>1</AddressTypeCode>
          <City xsi:nil="true"></City>
          <County xsi:nil="true"></County>
          <Country xsi:nil="true"></Country>
          <Fax xsi:nil="true"></Fax>
          <FreightTermsCode xsi:nil="true"></FreightTermsCode>
          <ImportSequenceNumber xsi:nil="true"></ImportSequenceNumber>
          <Latitude xsi:nil="true"></Latitude>
          <Line1 xsi:nil="true"></Line1>
          <Line2 xsi:nil="true"></Line2>
          <Line3 xsi:nil="true"></Line3>
          <Longitude xsi:nil="true"></Longitude>
          <Name xsi:nil="true"></Name>
          <PostalCode xsi:nil="true"></PostalCode>
          <PostOfficeBox xsi:nil="true"></PostOfficeBox>
          <PrimaryContactName xsi:nil="true"></PrimaryContactName>
          <ShippingMethodCode>1</ShippingMethodCode>
          <StateOrProvince xsi:nil="true"></StateOrProvince>
          <Telephone1 xsi:nil="true"></Telephone1>
          <Telephone2 xsi:nil="true"></Telephone2>
          <Telephone3 xsi:nil="true"></Telephone3>
          <TimeZoneRuleVersionNumber xsi:nil="true"></TimeZoneRuleVersionNumber>
          <UPSZone xsi:nil="true"></UPSZone>
          <UTCOffset xsi:nil="true"></UTCOffset>
          <UTCConversionTimeZoneCode xsi:nil="true"></UTCConversionTimeZoneCode>
        </Address>
      </Addresses>
    </Publisher>
    <RootComponents>
      <RootComponent type="1" schemaName="pavelkh_advancedmultiselectitemsetconfiguration" behavior="0" />
      <RootComponent type="9" schemaName="pavelkh_newsectionlocationtypeoptionset" behavior="0" />
      <RootComponent type="29" id="{0d72a623-c446-4e82-8cb0-8b9a138d262a}" behavior="0" />
      <RootComponent type="29" id="{206ba2e2-3ea4-40c1-a06f-dca900c4ecf6}" behavior="0" />
      <RootComponent type="29" id="{2977e7f8-14dc-4fca-bd3f-1ce3b4dc8b93}" behavior="0" />
      <RootComponent type="29" id="{6ee3efb1-7f46-48b5-b6b6-3671b293be11}" behavior="0" />
      <RootComponent type="29" id="{c6bfaac6-c425-4418-9217-eb455703d133}" behavior="0" />
      <RootComponent type="29" id="{ca57b3a9-b994-4315-8ecd-8c71d41ba047}" behavior="0" />
      <RootComponent type="29" id="{ddb67f9c-7dcf-4b11-89e5-558475fdd361}" behavior="0" />
      <RootComponent type="29" id="{e45870fe-7c71-4534-986b-0e467577d651}" behavior="0" />
      <RootComponent type="60" id="{45281719-08ee-40e5-adad-0f264d571548}" behavior="0" />
      <RootComponent type="61" schemaName="pavelkh_/html/ImportConfigurations/import.css" behavior="0" />
      <RootComponent type="61" schemaName="pavelkh_/html/ImportConfigurations/import.html" behavior="0" />
      <RootComponent type="61" schemaName="pavelkh_/html/templates/checkboxes_four_columns.css" behavior="0" />
      <RootComponent type="61" schemaName="pavelkh_/html/templates/checkboxes_four_columns.html" behavior="0" />
      <RootComponent type="61" schemaName="pavelkh_/html/templates/checkboxes_one_column.css" behavior="0" />
      <RootComponent type="61" schemaName="pavelkh_/html/templates/checkboxes_one_column.html" behavior="0" />
      <RootComponent type="61" schemaName="pavelkh_/html/templates/checkboxes_one_column_with_description.css" behavior="0" />
      <RootComponent type="61" schemaName="pavelkh_/html/templates/checkboxes_one_column_with_description.html" behavior="0" />
      <RootComponent type="61" schemaName="pavelkh_/html/templates/checkboxes_three_columns.css" behavior="0" />
      <RootComponent type="61" schemaName="pavelkh_/html/templates/checkboxes_three_columns.html" behavior="0" />
      <RootComponent type="61" schemaName="pavelkh_/html/templates/checkboxes_two_columns.css" behavior="0" />
      <RootComponent type="61" schemaName="pavelkh_/html/templates/checkboxes_two_columns.html" behavior="0" />
      <RootComponent type="61" schemaName="pavelkh_/html/templates/selectize.css" behavior="0" />
      <RootComponent type="61" schemaName="pavelkh_/html/templates/selectize_01.css" behavior="0" />
      <RootComponent type="61" schemaName="pavelkh_/html/templates/selectize_01.html" behavior="0" />
      <RootComponent type="61" schemaName="pavelkh_/image/add_control_wizard_16.png" behavior="0" />
      <RootComponent type="61" schemaName="pavelkh_/image/add_control_wizard_32.png" behavior="0" />
      <RootComponent type="61" schemaName="pavelkh_/image/add_on_the_form_16.png" behavior="0" />
      <RootComponent type="61" schemaName="pavelkh_/image/add_on_the_form_32.png" behavior="0" />
      <RootComponent type="61" schemaName="pavelkh_/image/button_gradient.png" behavior="0" />
      <RootComponent type="61" schemaName="pavelkh_/image/export_data_16.png" behavior="0" />
      <RootComponent type="61" schemaName="pavelkh_/image/import_data_16.png" behavior="0" />
      <RootComponent type="61" schemaName="pavelkh_/image/main_form_16.png" behavior="0" />
      <RootComponent type="61" schemaName="pavelkh_/image/main_form_32.png" behavior="0" />
      <RootComponent type="61" schemaName="pavelkh_/image/multiselect_entity_16.png" behavior="0" />
      <RootComponent type="61" schemaName="pavelkh_/image/multiselect_entity_32.png" behavior="0" />
      <RootComponent type="61" schemaName="pavelkh_/image/progress.gif" behavior="0" />
      <RootComponent type="61" schemaName="pavelkh_/image/required_field_spot.gif" behavior="0" />
      <RootComponent type="61" schemaName="pavelkh_/js/AdvancedMultiSelect.js" behavior="0" />
      <RootComponent type="61" schemaName="pavelkh_/js/AdvFindUtils.js" behavior="0" />
      <RootComponent type="61" schemaName="pavelkh_/js/CrmWebApiFacade.js" behavior="0" />
      <RootComponent type="61" schemaName="pavelkh_/js/entities/ItemSetConfiguration/Form/AddControlWizardForm.js" behavior="0" />
      <RootComponent type="61" schemaName="pavelkh_/js/entities/ItemSetConfiguration/Form/Common.js" behavior="0" />
      <RootComponent type="61" schemaName="pavelkh_/js/entities/ItemSetConfiguration/Form/MainForm.js" behavior="0" />
      <RootComponent type="61" schemaName="pavelkh_/js/entities/ItemSetConfiguration/ImportConfigurations/import.js" behavior="0" />
      <RootComponent type="61" schemaName="pavelkh_/js/entities/ItemSetConfiguration/View/ViewRibbon.js" behavior="0" />
      <RootComponent type="61" schemaName="pavelkh_/js/FormSaveModes.js" behavior="0" />
      <RootComponent type="61" schemaName="pavelkh_/js/FormTypes.js" behavior="0" />
      <RootComponent type="61" schemaName="pavelkh_/js/FormUtils.js" behavior="0" />
      <RootComponent type="61" schemaName="pavelkh_/js/libraries/jquery.js" behavior="0" />
      <RootComponent type="61" schemaName="pavelkh_/js/libraries/jqueryui.js" behavior="0" />
      <RootComponent type="61" schemaName="pavelkh_/js/libraries/knockout.js" behavior="0" />
      <RootComponent type="61" schemaName="pavelkh_/js/libraries/selectize.js" behavior="0" />
      <RootComponent type="61" schemaName="pavelkh_/js/XmlUtils.js" behavior="0" />
      <RootComponent type="91" schemaName="AdvancedMultiSelect, Version=2.2.1.1, Culture=neutral, PublicKeyToken=5f8983c63d78e0c1" behavior="0" />
      <RootComponent type="92" id="{07dd2fea-7183-e711-8162-08002703f176}" behavior="0" />
      <RootComponent type="92" id="{144d523d-c1c0-e611-813e-08002703f176}" behavior="0" />
      <RootComponent type="92" id="{2c0844ac-f7bc-e511-80d8-08002703f176}" behavior="0" />
      <RootComponent type="92" id="{2f87d197-f5bc-e511-80d8-08002703f176}" behavior="0" />
      <RootComponent type="92" id="{3477080a-c385-e711-816b-08002703f176}" behavior="0" />
      <RootComponent type="92" id="{684e26b4-3cc4-e611-8144-08002703f176}" behavior="0" />
      <RootComponent type="92" id="{86a0db5d-5eaf-e711-818e-08002703f176}" behavior="0" />
      <RootComponent type="92" id="{88ccccb3-38b7-e611-8126-08002703f176}" behavior="0" />
      <RootComponent type="92" id="{8c6dfd5b-d5e8-e711-81d2-08002703f176}" behavior="0" />
      <RootComponent type="92" id="{8e2bff98-38b7-e611-8126-08002703f176}" behavior="0" />
      <RootComponent type="92" id="{976d9dcf-65af-e711-818e-08002703f176}" behavior="0" />
      <RootComponent type="92" id="{ce9cf739-68b6-e611-8124-08002703f176}" behavior="0" />
      <RootComponent type="92" id="{d1612ee4-35af-e711-818e-08002703f176}" behavior="0" />
      <RootComponent type="62" behavior="0" />
    </RootComponents>
    <MissingDependencies />
  </SolutionManifest>
</ImportExportXml>